{
  "radius_bound": 1.0,
  "base_seed": 20260410,
  "gamma_sweep": {
    "gamma_values": [
      0.5,
      0.35,
      0.25,
      0.18,
      0.14,
      0.11,
      0.09,
      0.07,
      0.055
    ],
    "inverse_gamma_sq": [
      4.0,
      8.163265306122451,
      16.0,
      30.8641975308642,
      51.0204081632653,
      82.64462809917356,
      123.4567901234568,
      204.0816326530612,
      330.57851239669424
    ],
    "trial_lengths": [
      300,
      300,
      300,
      300,
      409,
      662,
      988,
      1633,
      2645
    ],
    "mean_mistakes": [
      1.375,
      3.2708333333333335,
      6.979166666666667,
      12.833333333333334,
      21.083333333333332,
      32.770833333333336,
      47.875,
      76.04166666666667,
      123.16666666666667
    ],
    "std_mistakes": [
      0.4841229182759271,
      0.8098246552323671,
      0.8536583853561616,
      1.1055415967851334,
      1.4695993407123664,
      2.4684642942976147,
      3.0250688697394423,
      4.406237687138036,
      5.153208277913436
    ],
    "theoretical_bounds": [
      4.0,
      8.163265306122451,
      16.0,
      30.8641975308642,
      51.0204081632653,
      82.64462809917356,
      123.4567901234568,
      204.0816326530612,
      330.57851239669424
    ],
    "loglog_slope": 0.998455287466605,
    "loglog_intercept": -0.9297524463049748,
    "mean_ratio_to_bound": 0.3932395833333333,
    "max_ratio_to_bound": 0.4361979166666667
  },
  "dimension_sweep": {
    "dimensions": [
      2,
      5,
      10,
      20,
      50,
      100,
      200
    ],
    "gamma": 0.08,
    "trial_length": 1563,
    "theoretical_bound": 156.25,
    "mean_mistakes": [
      14.11111111111111,
      50.0,
      56.52777777777778,
      60.80555555555556,
      63.94444444444444,
      65.83333333333333,
      62.80555555555556
    ],
    "std_mistakes": [
      7.600357366516751,
      8.75277733700059,
      4.037918269432566,
      2.894625714093509,
      3.054545287531394,
      3.370624736026114,
      2.9422161379594693
    ],
    "relative_range": 0.9679910880059411
  },
  "small_gamma_sweep": {
    "gamma_values": [
      0.2,
      0.15,
      0.12,
      0.1,
      0.08,
      0.06,
      0.05,
      0.04,
      0.03
    ],
    "trial_lengths": [
      500,
      500,
      500,
      600,
      938,
      1667,
      2400,
      3750,
      6667
    ],
    "mean_mistakes": [
      11.458333333333334,
      18.666666666666668,
      26.916666666666668,
      38.25,
      58.041666666666664,
      100.83333333333333,
      143.0,
      221.83333333333334,
      388.9583333333333
    ],
    "std_mistakes": [
      1.3533651474093096,
      1.699673171197595,
      5.772901254039332,
      2.680951323690902,
      2.791044706835696,
      5.482294734466175,
      6.0,
      8.82074574826616,
      11.403505187246399
    ],
    "theoretical_bounds": [
      24.999999999999996,
      44.44444444444444,
      69.44444444444444,
      99.99999999999999,
      156.25,
      277.77777777777777,
      399.99999999999994,
      625.0,
      1111.111111111111
    ]
  }
}